Title;Year;Description;Img
The Shawshank Redemption;1994;Framed in the 1940s for the double murder of his wife and her lover, upstanding banker Andy Dufresne begins a new life at the Shawshank prison, where he puts his accounting skills to work for an amoral warden. During his long stretch in prison, Dufresne comes to be admired by the other inmates -- including an older prisoner named Red -- for his integrity and unquenchable sense of hope.;https://www.themoviedb.org/t/p/w600_and_h900_bestv2/q6y0Go1tsGEsmtFryDOJo3dEmqu.jpg
The Godfather;1972;Spanning the years 1945 to 1955, a chronicle of the fictional Italian-American Corleone crime family. When organized crime family patriarch, Vito Corleone barely survives an attempt on his life, his youngest son, Michael steps in to take care of the would-be killers, launching a campaign of bloody revenge.;https://www.themoviedb.org/t/p/w600_and_h900_bestv2/3bhkrj58Vtu7enYsRolD1fZdja1.jpg
The Dark Knight;2008;Batman raises the stakes in his war on crime. With the help of Lt. Jim Gordon and District Attorney Harvey Dent, Batman sets out to dismantle the remaining criminal organizations that plague the streets. The partnership proves to be effective, but they soon find themselves prey to a reign of chaos unleashed by a rising criminal mastermind known to the terrified citizens of Gotham as the Joker.;https://www.themoviedb.org/t/p/w600_and_h900_bestv2/qJ2tW6WMUDux911r6m7haRef0WH.jpg
The Godfather Part II;1974;In the continuing saga of the Corleone crime family, a young Vito Corleone grows up in Sicily and in 1910s New York. In the 1950s, Michael Corleone attempts to expand the family business into Las Vegas, Hollywood and Cuba.;https://www.themoviedb.org/t/p/w600_and_h900_bestv2/hek3koDUyRQk7FIhPXsa6mT2Zc3.jpg
12 Angry Men;1957;The defense and the prosecution have rested and the jury is filing into the jury room to decide if a young Spanish-American is guilty or innocent of murdering his father. What begins as an open and shut case soon becomes a mini-drama of each of the jurors` prejudices and preconceptions about the trial, the accused, and each other.;https://www.themoviedb.org/t/p/w600_and_h900_bestv2/ow3wq89wM8qd5X7hWKxiRfsFf9C.jpg
Schindler`s List;1993;The true story of how businessman Oskar Schindler saved over a thousand Jewish lives from the Nazis while they worked as slaves in his factory during World War II.;https://www.themoviedb.org/t/p/w600_and_h900_bestv2/sF1U4EUQS8YHUYjNl3pMGNIQyr0.jpg
The Lord of the Rings: The Return of the King;2003;Aragorn is revealed as the heir to the ancient kings as he, Gandalf and the other members of the broken fellowship struggle to save Gondor from Sauron`s forces. Meanwhile, Frodo and Sam take the ring closer to the heart of Mordor, the dark lord`s realm.;https://www.themoviedb.org/t/p/w600_and_h900_bestv2/rCzpDGLbOoPwLjy3OAm5NUPOTrC.jpg
Pulp Fiction;1994;A burger-loving hit man, his philosophical partner, a drug-addled gangster`s moll and a washed-up boxer converge in this sprawling, comedic crime caper. Their adventures unfurl in three stories that ingeniously trip back and forth in time.;https://www.themoviedb.org/t/p/w600_and_h900_bestv2/d5iIlFn5s0ImszYzBPb8JPIfbXD.jpg
The Lord of the Rings: The Fellowship of the Ring;2001;Young hobbit Frodo Baggins, after inheriting a mysterious ring from his uncle Bilbo, must leave his home in order to keep it from falling into the hands of its evil creator. Along the way, a fellowship is formed to protect the ringbearer and make sure that the ring arrives at its final destination: Mt. Doom, the only place where it can be destroyed.;https://www.themoviedb.org/t/p/w600_and_h900_bestv2/6oom5QYQ2yQTMJIbnvbkBL9cHo6.jpg
The Good, the Bad and the Ugly;1966;While the Civil War rages on between the Union and the Confederacy, three men – a quiet loner, a ruthless hitman, and a Mexican bandit – comb the American Southwest in search of a strongbox containing $200,000 in stolen gold.;https://www.themoviedb.org/t/p/w600_and_h900_bestv2/bX2xnavhMYjWDoZp1VM6VnU1xwe.jpg
Forrest Gump;1994;A man with a low IQ has accomplished great things in his life and been present during significant historic events—in each case, far exceeding what anyone imagined he could do. But despite all he has achieved, his one true love eludes him.;https://www.themoviedb.org/t/p/w600_and_h900_bestv2/arw2vcBveWOVZr6pxd9XTd1TdQa.jpg
Fight Club;1999;"A ticking-time-bomb insomniac and a slippery soap salesman channel primal male aggression into a shocking new form of therapy. Their concept catches on, with underground ""fight clubs"" forming in every town, until an eccentric gets in the way and ignites an out-of-control spiral toward oblivion.";https://www.themoviedb.org/t/p/w600_and_h900_bestv2/pB8BM7pdSp6B6Ih7QZ4DrQ3PmJK.jpg
The Lord of the Rings: The Two Towers;2002;Frodo and Sam are trekking to Mordor to destroy the One Ring of Power while Gimli, Legolas and Aragorn search for the orc-captured Merry and Pippin. All along, nefarious wizard Saruman awaits the Fellowship members at the Orthanc Tower in Isengard.;https://www.themoviedb.org/t/p/w600_and_h900_bestv2/5VTN0pR8gcqV3EPUHHfMGnJYN9L.jpg
Inception;2010;"Cobb, a skilled thief who commits corporate espionage by infiltrating the subconscious of his targets is offered a chance to regain his old life as payment for a task considered to be impossible: ""inception"", the implantation of another person`s idea into a target`s subconscious.";https://www.themoviedb.org/t/p/w600_and_h900_bestv2/edv5CZvWj09upOsy2Y6IwDhK8bt.jpg
Star Wars: Episode V - The Empire Strikes Back;1980;The epic saga continues as Luke Skywalker, in hopes of defeating the evil Galactic Empire, learns the ways of the Jedi from aging master Yoda. But Darth Vader is more determined than ever to capture Luke. Meanwhile, rebel leader Princess Leia, cocky Han Solo, Chewbacca, and droids C-3PO and R2-D2 are thrown into various stages of capture, betrayal and despair.;https://www.themoviedb.org/t/p/w600_and_h900_bestv2/2l05cFWJacyIsTpsqSgH0wQXe4V.jpg
The Matrix;1999;Set in the 22nd century, The Matrix tells the story of a computer hacker who joins a group of underground insurgents fighting the vast and powerful computers who now rule the earth.;https://www.themoviedb.org/t/p/w600_and_h900_bestv2/f89U3ADr1oiB1s9GkdPOEpXUk5H.jpg
Goodfellas;1990;The true story of Henry Hill, a half-Irish, half-Sicilian Brooklyn kid who is adopted by neighbourhood gangsters at an early age and climbs the ranks of a Mafia family under the guidance of Jimmy Conway.;https://www.themoviedb.org/t/p/w600_and_h900_bestv2/aKuFiU82s5ISJpGZp7YkIr3kCUd.jpg
One Flew Over the Cuckoo`s Nest;1975;A petty criminal fakes insanity to serve his sentence in a mental ward rather than prison. He soon finds himself as a leader to the other patients—and an enemy to the cruel, domineering nurse who runs the ward.;https://www.themoviedb.org/t/p/w600_and_h900_bestv2/3jcbDmRFiQ83drXNOvRDeKHxS0C.jpg
Se7en;1995;"Two homicide detectives are on a desperate hunt for a serial killer whose crimes are based on the ""seven deadly sins"" in this dark and haunting film that takes viewers from the tortured remains of one victim to the next. The seasoned Det. Sommerset researches each sin in an effort to get inside the killer`s mind, while his novice partner, Mills, scoffs at his efforts to unravel the case.";https://www.themoviedb.org/t/p/w600_and_h900_bestv2/6yoghtyTpznpBik8EngEmJskVUO.jpg
It`s a Wonderful Life;1946;A holiday favourite for generations...  George Bailey has spent his entire life giving to the people of Bedford Falls.  All that prevents rich skinflint Mr. Potter from taking over the entire town is George`s modest building and loan company.  But on Christmas Eve the business`s $8,000 is lost and George`s troubles begin.;https://www.themoviedb.org/t/p/w600_and_h900_bestv2/mV3VcmMJN6Zwahj42dy9WwPUyRI.jpg
Seven Samurai;1954;A samurai answers a village`s request for protection after he falls on hard times. The town needs protection from bandits, so the samurai gathers six others to help him teach the people how to defend themselves, and the villagers provide the soldiers with food.;https://www.themoviedb.org/t/p/w600_and_h900_bestv2/8OKmBV5BUFzmozIC3pPWKHy17kx.jpg
The Silence of the Lambs;1991;Clarice Starling is a top student at the FBI`s training academy.  Jack Crawford wants Clarice to interview Dr. Hannibal Lecter, a brilliant psychiatrist who is also a violent psychopath, serving life behind bars for various acts of murder and cannibalism.  Crawford believes that Lecter may have insight into a case and that Starling, as an attractive young woman, may be just the bait to draw him out.;https://www.themoviedb.org/t/p/w600_and_h900_bestv2/uS9m8OBk1A8eM9I042bx8XXpqAq.jpg
Saving Private Ryan;1998;As U.S. troops storm the beaches of Normandy, three brothers lie dead on the battlefield, with a fourth trapped behind enemy lines. Ranger captain John Miller and seven men are tasked with penetrating German-held territory and bringing the boy home.;https://www.themoviedb.org/t/p/w600_and_h900_bestv2/uqx37cS8cpHg8U35f9U5IBlrCV3.jpg
City of God;2002;In the slums of Rio, two kids` paths diverge as one struggles to become a photographer and the other a kingpin.;https://www.themoviedb.org/t/p/w600_and_h900_bestv2/k7eYdWvhYQyRQoU2TB2A2Xu2TfD.jpg
Interstellar;2014;The adventures of a group of explorers who make use of a newly discovered wormhole to surpass the limitations on human space travel and conquer the vast distances involved in an interstellar voyage.;https://www.themoviedb.org/t/p/w600_and_h900_bestv2/gEU2QniE6E77NI6lCU6MxlNBvIx.jpg
Life Is Beautiful;1997;A touching story of an Italian book seller of Jewish ancestry who lives in his own little fairy tale. His creative and happy life would come to an abrupt halt when his entire family is deported to a concentration camp during World War II. While locked up he tries to convince his son that the whole thing is just a game.;https://www.themoviedb.org/t/p/w600_and_h900_bestv2/mfnkSeeVOBVheuyn2lo4tfmOPQb.jpg
The Green Mile;1999;A supernatural tale set on death row in a Southern prison, where gentle giant John Coffey possesses the mysterious power to heal people`s ailments. When the cell block`s head guard, Paul Edgecomb, recognizes Coffey`s miraculous gift, he tries desperately to help stave off the condemned man`s execution.;https://www.themoviedb.org/t/p/w600_and_h900_bestv2/o0lO84GI7qrG6XFvtsPOSV7CTNa.jpg
Star Wars;1977;Princess Leia is captured and held hostage by the evil Imperial forces in their effort to take over the galactic Empire. Venturesome Luke Skywalker and dashing captain Han Solo team together with the loveable robot duo R2-D2 and C-3PO to rescue the beautiful princess and restore peace and justice in the Empire.;https://www.themoviedb.org/t/p/w600_and_h900_bestv2/6FfCtAuVAW8XJjZ7eWeLibRLWTw.jpg
Terminator 2: Judgment Day;1991;Nearly 10 years have passed since Sarah Connor was targeted for termination by a cyborg from the future. Now her son, John, the future leader of the resistance, is the target for a newer, more deadly terminator. Once again, the resistance has managed to send a protector back to attempt to save John and his mother Sarah.;https://www.themoviedb.org/t/p/w600_and_h900_bestv2/5M0j0B18abtBI5gi2RhfjjurTqb.jpg
Back to the Future;1985;Eighties teenager Marty McFly is accidentally sent back in time to 1955, inadvertently disrupting his parents` first meeting and attracting his mother`s romantic interest. Marty must repair the damage to history by rekindling his parents` romance and - with the help of his eccentric inventor friend Doc Brown - return to 1985.;https://www.themoviedb.org/t/p/w600_and_h900_bestv2/fNOH9f1aA7XRTzl1sAOx9iF553Q.jpg
Spirited Away;2001;A young girl, Chihiro, becomes trapped in a strange new world of spirits. When her parents undergo a mysterious transformation, she must call upon the courage she never knew she had to free her family.;https://www.themoviedb.org/t/p/w600_and_h900_bestv2/39wmItIWsg5sZMyRUHLkWBcuVCM.jpg
The Pianist;2002;"The true story of pianist Wladyslaw Szpilman`s experiences in Warsaw during the Nazi occupation. When the Jews of the city find themselves forced into a ghetto, Szpilman finds work playing in a café; and when his family is deported in 1942, he stays behind, works for a while as a laborer, and eventually goes into hiding in the ruins of the war-torn city.";https://www.themoviedb.org/t/p/w600_and_h900_bestv2/2hFvxCCWrTmCYwfy7yum0GKRi3Y.jpg
Psycho;1960;When larcenous real estate clerk Marion Crane goes on the lam with a wad of cash and hopes of starting a new life, she ends up at the notorious Bates Motel, where manager Norman Bates cares for his housebound mother.;https://www.themoviedb.org/t/p/w600_and_h900_bestv2/yz4QVqPx3h1hD1DfqqQkCq3rmxW.jpg
Parasite;2019;Paul Dean has created a deadly parasite that is now attached to his stomach. He and his female companion, Patricia Welles, must find a way to destroy it while also trying to avoid Ricus, his rednecks, and an evil government agent named Merchant.;https://www.themoviedb.org/t/p/w600_and_h900_bestv2/6EM7Jm3veKSW9ELMajSSxslYWDa.jpg
Léon: The Professional;1994;"Léon, the top hit man in New York, has earned a rep as an effective ""cleaner"". But when his next-door neighbors are wiped out by a loose-cannon DEA agent, he becomes the unwilling custodian of 12-year-old Mathilda. Before long, Mathilda`s thoughts turn to revenge, and she considers following in Léon`s footsteps.";https://www.themoviedb.org/t/p/w600_and_h900_bestv2/yI6X2cCM5YPJtxMhUd3dPGqDAhw.jpg
The Lion King;1994;A young lion prince is cast out of his pride by his cruel uncle, who claims he killed his father. While the uncle rules with an iron paw, the prince grows up beyond the Savannah, living by a philosophy: No worries for the rest of your days. But when his past comes to haunt him, the young prince must decide his fate: Will he remain an outcast or face his demons and become what he needs to be?;https://www.themoviedb.org/t/p/w600_and_h900_bestv2/sKCr78MXSLixwmZ8DyJLrpMsd15.jpg
Gladiator;2000;In the year 180, the death of emperor Marcus Aurelius throws the Roman Empire into chaos.  Maximus is one of the Roman army`s most capable and trusted generals and a key advisor to the emperor.  As Marcus` devious son Commodus ascends to the throne, Maximus is set to be executed.  He escapes, but is captured by slave traders.  Renamed Spaniard and forced to become a gladiator, Maximus must battle to the death with other men for the amusement of paying audiences.;https://www.themoviedb.org/t/p/w600_and_h900_bestv2/ty8TGRuvJLPUmAR1H1nRIsgwvim.jpg
American History X;1998;Derek Vineyard is paroled after serving 3 years in prison for killing two African-American men. Through his brother, Danny Vineyard`s narration, we learn that before going to prison, Derek was a skinhead and the leader of a violent white supremacist gang that committed acts of racial crime throughout L.A. and his actions greatly influenced Danny. Reformed and fresh out of prison, Derek severs contact with the gang and becomes determined to keep Danny from going down the same violent path as he did.;https://www.themoviedb.org/t/p/w600_and_h900_bestv2/c2gsmSQ2Cqv8zosqKOCwRS0GFBS.jpg
The Departed;2006;To take down South Boston`s Irish Mafia, the police send in one of their own to infiltrate the underworld, not realizing the syndicate has done likewise. While an undercover cop curries favor with the mob kingpin, a career criminal rises through the police ranks. But both sides soon discover there`s a mole among them.;https://www.themoviedb.org/t/p/w600_and_h900_bestv2/nT97ifVT2J1yMQmeq20Qblg61T.jpg
Whiplash;2014;Under the direction of a ruthless instructor, a talented young drummer begins to pursue perfection at any cost, even his humanity.;https://www.themoviedb.org/t/p/w600_and_h900_bestv2/7fn624j5lj3xTme2SgiLCeuedmO.jpg
The Prestige;2006;A mysterious story of two magicians whose intense rivalry leads them on a life-long battle for supremacy -- full of obsession, deceit and jealousy with dangerous and deadly consequences.;https://www.themoviedb.org/t/p/w600_and_h900_bestv2/bdN3gXuIZYaJP7ftKK2sU0nPtEA.jpg
The Usual Suspects;1995;Held in an L.A. interrogation room, Verbal Kint attempts to convince the feds that a mythic crime lord, Keyser Soze, not only exists, but was also responsible for drawing him and his four partners into a multi-million dollar heist that ended with an explosion in San Pedro harbor – leaving few survivors. Verbal lures his interrogators with an incredible story of the crime lord`s almost supernatural prowess.;https://www.themoviedb.org/t/p/w600_and_h900_bestv2/bUPmtQzrRhzqYySeiMpv7GurAfm.jpg
Casablanca;1942;In Casablanca, Morocco in December 1941, a cynical American expatriate meets a former lover, with unforeseen complications.;https://www.themoviedb.org/t/p/w600_and_h900_bestv2/5K7cOHoay2mZusSLezBOY0Qxh8a.jpg
Grave of the Fireflies;1988;Hisako loses her home in Tokyo to Allied bombing. With her husband fighting somewhere in Asia, she and her two children evacuate to a suburb of Kobe, where they share a house with Hisako`s cousin, Kyoko. Kobe is bombed and Kyoko is killed. Hisako is forced to take care of Kyoko`s two children in addition to her own, but there is not enough food for everyone.;https://www.themoviedb.org/t/p/w600_and_h900_bestv2/im6u58cPa9HlH5DqSnZGy0O37l5.jpg
Harakiri;1962;The daughter of a Daimyo, one forced to commit harakiri to secure her a future to choose her own destiny, falls in love with and marries a European officer. The officer returns to Europe but promises to come back for her and his new child, but when he comes back to Japan, he brings his European wife.;https://www.themoviedb.org/t/p/w600_and_h900_bestv2/xDXMUdERs3uFtgO8P5J5WyWT554.jpg
The Intouchables;2011;A true story of two men who should never have met – a quadriplegic aristocrat who was injured in a paragliding accident and a young man from the projects.;https://www.themoviedb.org/t/p/w600_and_h900_bestv2/323BP0itpxTsO0skTwdnVmf7YC9.jpg
Modern Times;1936;The Tramp struggles to live in modern industrial society with the help of a young homeless woman.;https://www.themoviedb.org/t/p/w600_and_h900_bestv2/smggAeGHRjKy85h6BzF0eTeDrFW.jpg
Once Upon a Time in the West;1968;As the railroad builders advance unstoppably through the Arizona desert on their way to the sea, Jill arrives in the small town of Flagstone with the intention of starting a new life.;https://www.themoviedb.org/t/p/w600_and_h900_bestv2/qbYgqOczabWNn2XKwgMtVrntD6P.jpg
Cinema Paradiso;1988;A filmmaker recalls his childhood, when he fell in love with the movies at his village`s theater and formed a deep friendship with the theater`s projectionist.;https://www.themoviedb.org/t/p/w600_and_h900_bestv2/8SRUfRUi6x4O68n0VCbDNRa6iGL.jpg
Rear Window;1954;A wheelchair-bound photographer spies on his neighbors from his apartment window and becomes convinced one of them has committed murder.;https://www.themoviedb.org/t/p/w600_and_h900_bestv2/qitnZcLP7C9DLRuPpmvZ7GiEjJN.jpg
Alien;1979;During its return to the earth, commercial spaceship Nostromo intercepts a distress signal from a distant planet. When a three-member team of the crew discovers a chamber containing thousands of eggs on the planet, a creature inside one of the eggs attacks an explorer. The entire crew is unaware of the impending nightmare set to descend upon them when the alien parasite planted inside its unfortunate host is birthed.;https://www.themoviedb.org/t/p/w600_and_h900_bestv2/vfrQk5IPloGg1v9Rzbh2Eg3VGyM.jpg
City Lights;1931;In this sound-era silent film, a tramp falls in love with a beautiful blind flower seller.;https://www.themoviedb.org/t/p/w600_and_h900_bestv2/bXNvzjULc9jrOVhGfjcc64uKZmZ.jpg
Apocalypse Now;1979;"At the height of the Vietnam war, Captain Benjamin Willard is sent on a dangerous mission that, officially, ""does not exist, nor will it ever exist."" His goal is to locate - and eliminate - a mysterious Green Beret Colonel named Walter Kurtz, who has been leading his personal army on illegal guerrilla missions into enemy territory.";https://www.themoviedb.org/t/p/w600_and_h900_bestv2/gQB8Y5RCMkv2zwzFHbUJX3kAhvA.jpg
Memento;2000;Leonard Shelby is tracking down the man who raped and murdered his wife. The difficulty of locating his wife`s killer, however, is compounded by the fact that he suffers from a rare, untreatable form of short-term memory loss. Although he can recall details of life before his accident, Leonard cannot remember what happened fifteen minutes ago, where he`s going, or why.;https://www.themoviedb.org/t/p/w600_and_h900_bestv2/yuNs09hvpHVU1cBTCAk9zxsL2oW.jpg
Django Unchained;2012;With the help of a German bounty hunter, a freed slave sets out to rescue his wife from a brutal Mississippi plantation owner.;https://www.themoviedb.org/t/p/w600_and_h900_bestv2/7oWY8VDWW7thTzWh3OKYRkWUlD5.jpg
Raiders of the Lost Ark;1981;When Dr. Indiana Jones – the tweed-suited professor who just happens to be a celebrated archaeologist – is hired by the government to locate the legendary Ark of the Covenant, he finds himself up against the entire Nazi regime.;https://www.themoviedb.org/t/p/w600_and_h900_bestv2/ceG9VzoRAVGwivFU403Wc3AHRys.jpg
WALL·E;2008;WALL·E is the last robot left on an Earth that has been overrun with garbage and all humans have fled to outer space. For 700 years he has continued to try and clean up the mess, but has developed some rather interesting human-like qualities. When a ship arrives with a sleek new type of robot, WALL·E thinks he`s finally found a friend and stows away on the ship when it leaves.;https://www.themoviedb.org/t/p/w600_and_h900_bestv2/Agc6lw8pb6BIGVeguvdjDT0p9Mb.jpg
The Lives of Others;2006;In 1984 East Berlin, an agent of the secret police, conducting surveillance on a writer and his lover, finds himself becoming increasingly absorbed by their lives.;https://www.themoviedb.org/t/p/w600_and_h900_bestv2/pUKnhEQvQJI7SAIMbDsmrXUAMVE.jpg
Sunset Blvd.;1950;"Commissioned by The Getty Museum on the occasion of their 2019 Getty Medal to the painter, draftsman, photographer, and bookmaker, Ed Ruscha. Utilizing The Getty Research Institute`s preservation and digitization of over a million images from Ed`s Streets of Los Angeles photo series, and excerpts from Jack Kerouac`s ""On The Road,"" this film puts together two of Ed`s major inspirations: Kerouac`s text and the city of Los Angeles.";https://www.themoviedb.org/t/p/w600_and_h900_bestv2/i355u6490I0vsNrvORwfp0qvoqw.jpg
Paths of Glory;1957;A commanding officer defends three scapegoats on trial for a failed offensive that occurred within the French Army in 1916.;https://www.themoviedb.org/t/p/w600_and_h900_bestv2/l2IY0gOHHmCWM90LjteFssxIV1G.jpg
The Shining;1980;Jack Torrance accepts a caretaker job at the Overlook Hotel, where he, along with his wife Wendy and their son Danny, must live isolated from the rest of the world for the winter. But they aren`t prepared for the madness that lurks within.;https://www.themoviedb.org/t/p/w600_and_h900_bestv2/nRj5511mZdTl4saWEPoj9QroTIu.jpg
The Great Dictator;1940;Dictator Adenoid Hynkel tries to expand his empire while a poor Jewish barber tries to avoid persecution from Hynkel`s regime.;https://www.themoviedb.org/t/p/w600_and_h900_bestv2/1QpO9wo7JWecZ4NiBuu625FiY1j.jpg
Avengers: Infinity War;2018;As the Avengers and their allies have continued to protect the world from threats too large for any one hero to handle, a new danger has emerged from the cosmic shadows: Thanos. A despot of intergalactic infamy, his goal is to collect all six Infinity Stones, artifacts of unimaginable power, and use them to inflict his twisted will on all of reality. Everything the Avengers have fought for has led up to this moment - the fate of Earth and existence itself has never been more uncertain.;https://www.themoviedb.org/t/p/w600_and_h900_bestv2/7WsyChQLEftFiDOVTGkv3hFpyyt.jpg
Witness for the Prosecution;1957;When Leonard Vole is arrested for the sensational murder of a rich, middle-aged widow, the famous Sir Wilfrid Robarts agrees to appear on his behalf. Sir Wilfrid, recovering from a near-fatal heart attack, is supposed to be on a diet of bland, civil suits—but the lure of the criminal courts is too much for him, especially when the case is so difficult.;https://www.themoviedb.org/t/p/w600_and_h900_bestv2/mM5Cad2ESBprh6ucPnMzMfI34Cu.jpg
Aliens;1986;When Ripley`s lifepod is found by a salvage crew over 50 years later, she finds that terra-formers are on the very planet they found the alien species. When the company sends a family of colonists out to investigate her story—all contact is lost with the planet and colonists. They enlist Ripley and the colonial marines to return and search for answers.;https://www.themoviedb.org/t/p/w600_and_h900_bestv2/r1x5JGpyqZU8PYhbs4UcrO1Xb6x.jpg
Spider-Man: Into the Spider-Verse;2018;"Miles Morales is juggling his life between being a high school student and being a spider-man. When Wilson ""Kingpin"" Fisk uses a super collider, others from across the Spider-Verse are transported to this dimension.";https://www.themoviedb.org/t/p/w600_and_h900_bestv2/iiZZdoQBEYBv6id8su7ImL0oCbD.jpg
American Beauty;1999;Lester Burnham, a depressed suburban father in a mid-life crisis, decides to turn his hectic life around after developing an infatuation with his daughter`s attractive friend.;https://www.themoviedb.org/t/p/w600_and_h900_bestv2/wby9315QzVKdW9BonAefg8jGTTb.jpg
Dr. Strangelove or: How I Learned to Stop Worrying and Love the Bomb;1964;After the insane General Jack D. Ripper initiates a nuclear strike on the Soviet Union, a war room full of politicians, generals and a Russian diplomat all frantically try to stop the nuclear strike.;https://www.themoviedb.org/t/p/w600_and_h900_bestv2/7SixLzxcqezkZEYU8pcHZgbkmjp.jpg
The Dark Knight Rises;2012;Following the death of District Attorney Harvey Dent, Batman assumes responsibility for Dent`s crimes to protect the late attorney`s reputation and is subsequently hunted by the Gotham City Police Department. Eight years later, Batman encounters the mysterious Selina Kyle and the villainous Bane, a new terrorist leader who overwhelms Gotham`s finest. The Dark Knight resurfaces to protect a city that has branded him an enemy.;https://www.themoviedb.org/t/p/w600_and_h900_bestv2/85cWkCVftiVs0BVey6pxX8uNmLt.jpg
Inglourious Basterds;2009;"In Nazi-occupied France during World War II, a group of Jewish-American soldiers known as ""The Basterds"" are chosen specifically to spread fear throughout the Third Reich by scalping and brutally killing Nazis. The Basterds, lead by Lt. Aldo Raine soon cross paths with a French-Jewish teenage girl who runs a movie theater in Paris which is targeted by the soldiers.";https://www.themoviedb.org/t/p/w600_and_h900_bestv2/7sfbEnaARXDDhKm0CZ7D7uc2sbo.jpg
Oldboy;2003;An everyday man has only three and a half days and limited resources to discover why he was imprisoned in a nondescript room for 20 years without any explanation.;https://www.themoviedb.org/t/p/w600_and_h900_bestv2/iX93YdBrZA1EpGbphmjf4ARj1Za.jpg
Amadeus;1984;Wolfgang Amadeus Mozart is a remarkably talented young Viennese composer who unwittingly finds a fierce rival in the disciplined and determined Antonio Salieri. Resenting Mozart for both his hedonistic lifestyle and his undeniable talent, the highly religious Salieri is gradually consumed by his jealousy and becomes obsessed with Mozart`s downfall, leading to a devious scheme that has dire consequences for both men.;https://www.themoviedb.org/t/p/w600_and_h900_bestv2/1n5VUlCqgmVax1adxGZm8oCFaKc.jpg
Coco;2017;Despite his family’s baffling generations-old ban on music, Miguel dreams of becoming an accomplished musician like his idol, Ernesto de la Cruz. Desperate to prove his talent, Miguel finds himself in the stunning and colorful Land of the Dead following a mysterious chain of events. Along the way, he meets charming trickster Hector, and together, they set off on an extraordinary journey to unlock the real story behind Miguel`s family history.;https://www.themoviedb.org/t/p/w600_and_h900_bestv2/gGEsBPAijhVUFoiNpgZXqRVWJt2.jpg
Toy Story;1995;Led by Woody, Andy`s toys live happily in his room until Andy`s birthday brings Buzz Lightyear onto the scene. Afraid of losing his place in Andy`s heart, Woody plots against Buzz. But when circumstances separate Buzz and Woody from their owner, the duo eventually learns to put aside their differences.;https://www.themoviedb.org/t/p/w600_and_h900_bestv2/uXDfjJbdP4ijW5hWSBrPrlKpxab.jpg
Braveheart;1995;Enraged at the slaughter of Murron, his new bride and childhood love, Scottish warrior William Wallace slays a platoon of the local English lord`s soldiers. This leads the village to revolt and, eventually, the entire country to rise up against English rule.;https://www.themoviedb.org/t/p/w600_and_h900_bestv2/or1gBugydmjToAEq7OZY0owwFk.jpg
Joker;2019;During the 1980s, a failed stand-up comedian is driven insane and turns to a life of crime and chaos in Gotham City while becoming an infamous psychopathic crime figure.;https://www.themoviedb.org/t/p/w600_and_h900_bestv2/udDclJoHjfjb8Ekgsd4FDteOkCU.jpg
Das Boot;1981;A German submarine hunts allied ships during the Second World War, but it soon becomes the hunted. The crew tries to survive below the surface, while stretching both the boat and themselves to their limits.;https://www.themoviedb.org/t/p/w600_and_h900_bestv2/fSI5yoee0mBxwNyCvf8m3B5tFMu.jpg
Avengers: Endgame;2019;After the devastating events of Avengers: Infinity War, the universe is in ruins due to the efforts of the Mad Titan, Thanos. With the help of remaining allies, the Avengers must assemble once more in order to undo Thanos` actions and restore order to the universe once and for all, no matter what consequences may be in store.;https://www.themoviedb.org/t/p/w600_and_h900_bestv2/or06FN3Dka5tukK1e9sl16pB3iy.jpg
Princess Mononoke;1997;Ashitaka, a prince of the disappearing Emishi people, is cursed by a demonized boar god and must journey to the west to find a cure. Along the way, he encounters San, a young human woman fighting to protect the forest, and Lady Eboshi, who is trying to destroy it. Ashitaka must find a way to bring balance to this conflict.;https://www.themoviedb.org/t/p/w600_and_h900_bestv2/cMYCDADoLKLbB83g4WnJegaZimC.jpg
Good Will Hunting;1997;Will Hunting has a genius-level IQ but chooses to work as a janitor at MIT. When he solves a difficult graduate-level math problem, his talents are discovered by Professor Gerald Lambeau, who decides to help the misguided youth reach his potential. When Will is arrested for attacking a police officer, Professor Lambeau makes a deal to get leniency for him if he will get treatment from therapist Sean Maguire.;https://www.themoviedb.org/t/p/w600_and_h900_bestv2/bABCBKYBK7A5G1x0FzoeoNfuj2.jpg
Once Upon a Time in America;1984;A former Prohibition-era Jewish gangster returns to the Lower East Side of Manhattan over thirty years later, where he once again must confront the ghosts and regrets of his old life.;https://www.themoviedb.org/t/p/w600_and_h900_bestv2/i0enkzsL5dPeneWnjl1fCWm6L7k.jpg
Your Name.;2016;High schoolers Mitsuha and Taki are complete strangers living separate lives. But one night, they suddenly switch places. Mitsuha wakes up in Taki’s body, and he in hers. This bizarre occurrence continues to happen randomly, and the two must adjust their lives around each other.;https://www.themoviedb.org/t/p/w600_and_h900_bestv2/q719jXXEzOoYaps6babgKnONONX.jpg
Singin` in the Rain;1952;In 1927 Hollywood, a silent film production company and cast make a difficult transition to sound.;https://www.themoviedb.org/t/p/w600_and_h900_bestv2/zjrpWniKbzu0zFR5sUI1Ptdfl9y.jpg
3 Idiots;2009;"Rascal. Joker. Dreamer. Genius... You`ve never met a college student quite like ""Rancho."" From the moment he arrives at India`s most prestigious university, Rancho`s outlandish schemes turn the campus upside down—along with the lives of his two newfound best friends. Together, they make life miserable for ""Virus,"" the school’s uptight and heartless dean. But when Rancho catches the eye of the dean`s sexy daughter, Virus sets his sights on flunking out the ""3 idiots"" once and for all.";https://www.themoviedb.org/t/p/w600_and_h900_bestv2/66A9MqXOyVFCssoloscw79z8Tew.jpg
Requiem for a Dream;2000;The hopes and dreams of four ambitious people are shattered when their drug addictions begin spiraling out of control. A look into addiction and how it overcomes the mind and body.;https://www.themoviedb.org/t/p/w600_and_h900_bestv2/nOd6vjEmzCT0k4VYqsA2hwyi87C.jpg
High and Low;1963;A shoe company executive who has mortgaged everything he has becomes a victim of extortion when his chauffeur`s son is kidnapped and is conflicted over whether he should pay the ransom.;https://www.themoviedb.org/t/p/w600_and_h900_bestv2/tgNjemQPG96uIezpiUiXFcer5ga.jpg
Toy Story 3;2010;Woody, Buzz, and the rest of Andy`s toys haven`t been played with in years. With Andy about to go to college, the gang find themselves accidentally left at a nefarious day care center. The toys must band together to escape and return home to Andy.;https://www.themoviedb.org/t/p/w600_and_h900_bestv2/AbbXspMOwdvwWZgVN0nabZq03Ec.jpg
Capernaum;2018;Zain, a 12-year-old boy scrambling to survive on the streets of Beirut, sues his parents for having brought him into such an unjust world, where being a refugee with no documents means that your rights can easily be denied.;https://www.themoviedb.org/t/p/w600_and_h900_bestv2/cqkqrIDzvkFRWVbRRQLqtkXQoPu.jpg
Star Wars: Episode VI - Return of the Jedi;1983;Luke Skywalker leads a mission to rescue his friend Han Solo from the clutches of Jabba the Hutt, while the Emperor seeks to destroy the Rebellion once and for all with a second dreaded Death Star.;https://www.themoviedb.org/t/p/w600_and_h900_bestv2/xxCnFmRZ83jHTZsBiceG4IBUGoq.jpg
2001: A Space Odyssey;1968;Humanity finds a mysterious object buried beneath the lunar surface and sets off to find its origins with the help of HAL 9000, the world`s most advanced super computer.;https://www.themoviedb.org/t/p/w600_and_h900_bestv2/ve72VxNqjGM69Uky4WTo2bK6rfq.jpg
Eternal Sunshine of the Spotless Mind;2004;Joel Barish, heartbroken that his girlfriend underwent a procedure to erase him from her memory, decides to do the same. However, as he watches his memories of her fade away, he realises that he still loves her, and may be too late to correct his mistake.;https://www.themoviedb.org/t/p/w600_and_h900_bestv2/5MwkWH9tYHv3mV9OdYTMR5qreIz.jpg
Come and See;1985;The invasion of a village in Byelorussia by German forces sends young Florya into the forest to join the weary Resistance fighters, against his family`s wishes. There he meets a girl, Glasha, who accompanies him back to his village. On returning home, Florya finds his family and fellow peasants massacred. His continued survival amidst the brutal debris of war becomes increasingly nightmarish, a battle between despair and hope.;https://www.themoviedb.org/t/p/w600_and_h900_bestv2/qNbMsKVzigERgJUbwf8pKyZogpb.jpg
Reservoir Dogs;1992;A botched robbery indicates a police informant, and the pressure mounts in the aftermath at a warehouse. Crime begets violence as the survivors -- veteran Mr. White, newcomer Mr. Orange, psychopathic parolee Mr. Blonde, bickering weasel Mr. Pink and Nice Guy Eddie -- unravel.;https://www.themoviedb.org/t/p/w600_and_h900_bestv2/n8O9WOAL1DVOMEQJpYatNqpNauK.jpg
The Hunt;2012;Twelve strangers wake up in a clearing. They don`t know where they are—or how they got there. In the shadow of a dark internet conspiracy theory, ruthless elitists gather at a remote location to hunt humans for sport. But their master plan is about to be derailed when one of the hunted turns the tables on her pursuers.;https://www.themoviedb.org/t/p/w600_and_h900_bestv2/wxPhn4ef1EAo5njxwBkAEVrlJJG.jpg
Lawrence of Arabia;1962;The story of British officer T.E. Lawrence`s mission to aid the Arab tribes in their revolt against the Ottoman Empire during the First World War. Lawrence becomes a flamboyant, messianic figure in the cause of Arab unity but his psychological instability threatens to undermine his achievements.;https://www.themoviedb.org/t/p/w600_and_h900_bestv2/AiAm0EtDvyGqNpVoieRw4u65vD1.jpg
Citizen Kane;1941;Newspaper magnate, Charles Foster Kane is taken from his mother as a boy and made the ward of a rich industrialist. As a result, every well-meaning, tyrannical or self-destructive move he makes for the rest of his life appears in some way to be a reaction to that deeply wounding event.;https://www.themoviedb.org/t/p/w600_and_h900_bestv2/sav0jxhqiH0bPr2vZFU0Kjt2nZL.jpg
M;1931;Super-Hero partners Scott Lang and Hope van Dyne, along with with Hope`s parents Janet van Dyne and Hank Pym, and Scott`s daughter Cassie Lang, find themselves exploring the Quantum Realm, interacting with strange new creatures and embarking on an adventure that will push them beyond the limits of what they thought possible.;https://www.themoviedb.org/t/p/w600_and_h900_bestv2/ngl2FKBlU4fhbdsrtdom9LVLBXw.jpg
Ikiru;1952;Kanji Watanabe is a middle-aged man who has worked in the same monotonous bureaucratic position for decades. Learning he has cancer, he starts to look for the meaning of his life.;https://www.themoviedb.org/t/p/w600_and_h900_bestv2/dgNTS4EQDDVfkzJI5msKuHu2Ei3.jpg
North by Northwest;1959;Advertising man Roger Thornhill is mistaken for a spy, triggering a deadly cross-country chase.;https://www.themoviedb.org/t/p/w600_and_h900_bestv2/8gvfRlVpcKaTVqipXpYOGWBN1aO.jpg
The Apartment;1960;Bud Baxter is a minor clerk in a huge New York insurance company, until he discovers a quick way to climb the corporate ladder. He lends out his apartment to the executives as a place to take their mistresses. Although he often has to deal with the aftermath of their visits, one night he`s left with a major problem to solve.;https://www.themoviedb.org/t/p/w600_and_h900_bestv2/hhSRt1KKfRT0yEhEtRW3qp31JFU.jpg
Vertigo;1958;A retired San Francisco detective suffering from acrophobia investigates the strange activities of an old friend`s wife, all the while becoming dangerously obsessed with her.;https://www.themoviedb.org/t/p/w600_and_h900_bestv2/15uOEfqBNTVtDUT7hGBVCka0rZz.jpg
Amélie;2001;At a tiny Parisian café, the adorable yet painfully shy Amélie accidentally discovers a gift for helping others. Soon Amelie is spending her days as a matchmaker, guardian angel, and all-around do-gooder. But when she bumps into a handsome stranger, will she find the courage to become the star of her very own love story?;https://www.themoviedb.org/t/p/w600_and_h900_bestv2/oTKduWL2tpIKEmkAqF4mFEAWAsv.jpg
Double Indemnity;1944;A rich woman and a calculating insurance agent plot to kill her unsuspecting husband after he signs a double indemnity policy. Against a backdrop of distinctly Californian settings, the partners in crime plan the perfect murder to collect the insurance, which pays double if the death is accidental.;https://www.themoviedb.org/t/p/w600_and_h900_bestv2/kkfKLeOTo7RjS9TxHKpknlL7huS.jpg
A Clockwork Orange;1971;In a near-future Britain, young Alexander DeLarge and his pals get their kicks beating and raping anyone they please. When not destroying the lives of others, Alex swoons to the music of Beethoven. The state, eager to crack down on juvenile crime, gives an incarcerated Alex the option to undergo an invasive procedure that`ll rob him of all personal agency. In a time when conscience is a commodity, can Alex change his tune?;https://www.themoviedb.org/t/p/w600_and_h900_bestv2/4sHeTAp65WrSSuc05nRBKddhBxO.jpg
Full Metal Jacket;1987;A pragmatic U.S. Marine observes the dehumanizing effects the U.S.-Vietnam War has on his fellow recruits from their brutal boot camp training to the bloody street fighting in Hue.;https://www.themoviedb.org/t/p/w600_and_h900_bestv2/kMKyx1k8hWWscYFnPbnxxN4Eqo4.jpg
Scarface;1983;After getting a green card in exchange for assassinating a Cuban government official, Tony Montana stakes a claim on the drug trade in Miami. Viciously murdering anyone who stands in his way, Tony eventually becomes the biggest drug lord in the state, controlling nearly all the cocaine that comes through Miami. But increased pressure from the police, wars with Colombian drug cartels and his own drug-fueled paranoia serve to fuel the flames of his eventual downfall.;https://www.themoviedb.org/t/p/w600_and_h900_bestv2/iQ5ztdjvteGeboxtmRdXEChJOHh.jpg
Hamilton;2020;Presenting the tale of American founding father Alexander Hamilton, this filmed version of the original Broadway smash hit is the story of America then, told by America now.;https://www.themoviedb.org/t/p/w600_and_h900_bestv2/h1B7tW0t399VDjAcWJh8m87469b.jpg
Incendies;2010;A mother`s last wishes send twins Jeanne and Simon on a journey to Middle East in search of their tangled roots. Adapted from Wajdi Mouawad`s acclaimed play, Incendies tells the powerful and moving tale of two young adults` voyage to the core of deep-rooted hatred, never-ending wars and enduring love.;https://www.themoviedb.org/t/p/w600_and_h900_bestv2/s65Pn9iDBsFXSn3C3hLxU5skRAD.jpg
Heat;1995;Obsessive master thief Neil McCauley leads a top-notch crew on various daring heists throughout Los Angeles while determined detective Vincent Hanna pursues him without rest. Each man recognizes and respects the ability and the dedication of the other even though they are aware their cat-and-mouse game may end in violence.;https://www.themoviedb.org/t/p/w600_and_h900_bestv2/umSVjVdbVwtx5ryCA2QXL44Durm.jpg
Up;2009;Carl Fredricksen spent his entire life dreaming of exploring the globe and experiencing life to its fullest. But at age 78, life seems to have passed him by, until a twist of fate (and a persistent 8-year old Wilderness Explorer named Russell) gives him a new lease on life.;https://www.themoviedb.org/t/p/w600_and_h900_bestv2/mFvoEwSfLqbcWwFsDjQebn9bzFe.jpg
To Kill a Mockingbird;1962;Scout Finch, 6, and her older brother Jem live in sleepy Maycomb, Alabama, spending much of their time with their friend Dill and spying on their reclusive and mysterious neighbor, Boo Radley. When Atticus, their widowed father and a respected lawyer, defends a black man named Tom Robinson against fabricated rape charges, the trial and tangent events expose the children to evils of racism and stereotyping.;https://www.themoviedb.org/t/p/w600_and_h900_bestv2/o5icF9TCe8Ld5bWy19rPwsNyLLv.jpg
The Sting;1973;A novice con man teams up with an acknowledged master to avenge the murder of a mutual friend by pulling off the ultimate big con and swindling a fortune from a big-time mobster.;https://www.themoviedb.org/t/p/w600_and_h900_bestv2/ckmYng37zey8INYf6d10cVgIG93.jpg
A Separation;2011;On a warm autumn day in 1990, Huixian, a young Chinese woman, arrives in Florida to reunite with her PhD husband, after a four-year separation. Filled with blossoming hope and desire, she is introduced to another side of American life.;https://www.themoviedb.org/t/p/w600_and_h900_bestv2/fmngHGvRYC9wT3nEFOcVsXGp9pH.jpg
Metropolis;1927;In a futuristic city sharply divided between the rich and the poor, the son of the city`s mastermind meets a prophet who predicts the coming of a savior to mediate their differences.;https://www.themoviedb.org/t/p/w600_and_h900_bestv2/pxbGZewX327IbTvrCVRJgcLJTSQ.jpg
L.A. Confidential;1997;Three detectives in the corrupt and brutal L.A. police force of the 1950s use differing methods to uncover a conspiracy behind the shotgun slayings of the patrons at an all-night diner.;https://www.themoviedb.org/t/p/w600_and_h900_bestv2/Rzope4Pk93Rg1Q2Ae8H0FYwa7n.jpg
Die Hard;1988;NYPD cop John McClane`s plan to reconcile with his estranged wife is thrown for a serious loop when, minutes after he arrives at her office, the entire building is overtaken by a group of terrorists. With little help from the LAPD, wisecracking McClane sets out to single-handedly rescue the hostages and bring the bad guys down.;https://www.themoviedb.org/t/p/w600_and_h900_bestv2/pLjyTKKiY3LeSv10HGKn5nNSCfh.jpg
Taxi Driver;1976;A mentally unstable Vietnam War veteran works as a night-time taxi driver in New York City where the perceived decadence and sleaze feed his urge for violent action.;https://www.themoviedb.org/t/p/w600_and_h900_bestv2/ekstpH614fwDX8DUln1a2Opz0N8.jpg
Indiana Jones and the Last Crusade;1989;In 1938, an art collector appeals to eminent archaeologist Dr. Indiana Jones to embark on a search for the Holy Grail. Indy learns that a medieval historian has vanished while searching for it, and the missing man is his own father, Dr. Henry Jones Sr.. He sets out to rescue his father by following clues in the old man`s notebook, which his father had mailed to him before he went missing. Indy arrives in Venice, where he enlists the help of a beautiful academic, Dr. Elsa Schneider, along with Marcus Brody and Sallah. Together they must stop the Nazis from recovering the power of eternal life and taking over the world!;https://www.themoviedb.org/t/p/w600_and_h900_bestv2/riO8WLCG9BbuhQfBpbnXFKzBcgL.jpg
Snatch;2000;Unscrupulous boxing promoters, violent bookmakers, a Russian gangster, incompetent amateur robbers and supposedly Jewish jewelers fight to track down a priceless stolen diamond.;https://www.themoviedb.org/t/p/w600_and_h900_bestv2/56mOJth6DJ6JhgoE2jtpilVqJO.jpg
Bicycle Thieves;1948;Unemployed Antonio is elated when he finally finds work hanging posters around war-torn Rome. However on his first day, his bicycle—essential to his work—gets stolen. His job is doomed unless he can find the thief. With the help of his son, Antonio combs the city, becoming desperate for justice.;https://www.themoviedb.org/t/p/w600_and_h900_bestv2/iPdVqIpmR3bRvOQJPrn4pr2KR3q.jpg
Like Stars on Earth;2007;"Ishaan Awasthi is an eight-year-old whose world is filled with wonders that no one else seems to appreciate. Colours, fish, dogs, and kites don`t seem important to the adults, who are much more interested in things like homework, marks, and neatness. Ishaan cannot seem to get anything right in class; he is then sent to boarding school, where his life changes forever.";https://www.themoviedb.org/t/p/w600_and_h900_bestv2/fwXhw9bERqKrJfJK6WGakPIh3FS.jpg
1917;2019;At the height of the First World War, two young British soldiers must cross enemy territory and deliver a message that will stop a deadly attack on hundreds of soldiers.;https://www.themoviedb.org/t/p/w600_and_h900_bestv2/iZf0KyrE25z1sage4SYFLCCrMi9.jpg
Top Gun: Maverick;2022;After more than thirty years of service as one of the Navy’s top aviators, and dodging the advancement in rank that would ground him, Pete “Maverick” Mitchell finds himself training a detachment of TOP GUN graduates for a specialized mission the likes of which no living pilot has ever seen.;https://www.themoviedb.org/t/p/w600_and_h900_bestv2/62HCnUTziyWcpDaBO2i1DX17ljH.jpg
Downfall;2004;Harold Crossley is a barrister and respected intellectual, but proves no match to his scheming young wife;https://www.themoviedb.org/t/p/w600_and_h900_bestv2/nybZHYa8MvlQWchFwlGWGxDMprO.jpg
Dangal;2016;Dangal is an extraordinary true story based on the life of Mahavir Singh and his two daughters, Geeta and Babita Phogat. The film traces the inspirational journey of a father who trains his daughters to become world class wrestlers.;https://www.themoviedb.org/t/p/w600_and_h900_bestv2/p2lVAcPuRPSO8Al6hDDGw0OgMi8.jpg
For a Few Dollars More;1965;"Two bounty hunters are in pursuit of ""El Indio,"" one of the most wanted fugitives in the western territories, and his gang.";https://www.themoviedb.org/t/p/w600_and_h900_bestv2/ooqASvA7qxlTVKL3KwOzBwy57Dh.jpg
Batman Begins;2005;Driven by tragedy, billionaire Bruce Wayne dedicates his life to uncovering and defeating the corruption that plagues his home, Gotham City.  Unable to work within the system, he instead creates a new identity, a symbol of fear for the criminal underworld - The Batman.;https://www.themoviedb.org/t/p/w600_and_h900_bestv2/4MpN4kIEqUjW8OPtOQJXlTdHiJV.jpg
The Kid;1921;Powerful businessman Russ Duritz is self-absorbed and immersed in his work. But by the magic of the moon, he meets Rusty, a chubby, charming 8-year-old version of himself who can`t believe he could turn out so badly – with no life and no dog. With Rusty`s help, Russ is able to reconcile the person he used to dream of being with the man he`s actually become.;https://www.themoviedb.org/t/p/w600_and_h900_bestv2/jNfL8De5IDVIuUYsrNnmPxCQkz8.jpg
Some Like It Hot;1959;Two musicians witness a mob hit and struggle to find a way out of the city before they are found by the gangsters. Their only opportunity is to join an all-girl band as they leave on a tour. To make their getaway they must first disguise themselves as women, then keep their identities secret and deal with the problems this brings - such as an attractive bandmate and a very determined suitor.;https://www.themoviedb.org/t/p/w600_and_h900_bestv2/hVIKyTK13AvOGv7ICmJjK44DTzp.jpg
The Father;2020;A man refuses all assistance from his daughter as he ages and, as he tries to make sense of his changing circumstances, he begins to doubt his loved ones, his own mind and even the fabric of his reality.;https://www.themoviedb.org/t/p/w600_and_h900_bestv2/pr3bEQ517uMb5loLvjFQi8uLAsp.jpg
All About Eve;1950;From the moment she glimpses her idol at the stage door, Eve Harrington is determined to take the reins of power away from the great actress Margo Channing. Eve maneuvers her way into Margo`s Broadway role, becomes a sensation and even causes turmoil in the lives of Margo`s director boyfriend, her playwright and his wife. Only the cynical drama critic sees through Eve, admiring her audacity and perfect pattern of deceit.;https://www.themoviedb.org/t/p/w600_and_h900_bestv2/6numIZH6uR3NlJgY9m7nGH0jhs.jpg
The Wolf of Wall Street;2013;A New York stockbroker refuses to cooperate in a large securities fraud case involving corruption on Wall Street, corporate banking world and mob infiltration. Based on Jordan Belfort`s autobiography.;https://www.themoviedb.org/t/p/w600_and_h900_bestv2/34m2tygAYBGqA9MXKhRDtzYd4MR.jpg
Green Book;2018;Tony Lip, a bouncer in 1962, is hired to drive pianist Don Shirley on a tour through the Deep South in the days when African Americans, forced to find alternate accommodations and services due to segregation laws below the Mason-Dixon Line, relied on a guide called The Negro Motorist Green Book.;https://www.themoviedb.org/t/p/w600_and_h900_bestv2/7BsvSuDQuoqhWmU2fL7W2GOcZHU.jpg
Judgment at Nuremberg;1961;In 1947, four German judges who served on the bench during the Nazi regime face a military tribunal to answer charges of crimes against humanity. Chief Justice Haywood hears evidence and testimony not only from lead defendant Ernst Janning and his defense attorney Hans Rolfe, but also from the widow of a Nazi general, an idealistic U.S. Army captain and reluctant witness Irene Wallner.;https://www.themoviedb.org/t/p/w600_and_h900_bestv2/cqumfgd74ftVzOKJpFGOG64WlXL.jpg
Ran;1985;The movie follows Ran`s journey, whose main desire is to fulfill his potential. He is ready to deal with difficult experiences of not being accepted by his family and friends, physical and emotional changes, and even dangers to his health, but he is not willing to give up on himself and his happiness.;https://www.themoviedb.org/t/p/w600_and_h900_bestv2/FepaiApo8Yr6pNIZIeYG5kW06J.jpg
Casino;1995;"In early-1970s Las Vegas, Sam ""Ace"" Rothstein gets tapped by his bosses to head the Tangiers Casino. At first, he`s a great success in the job, but over the years, problems with his loose-cannon enforcer Nicky Santoro, his ex-hustler wife Ginger, her con-artist ex Lester Diamond and a handful of corrupt politicians put Sam in ever-increasing danger.";https://www.themoviedb.org/t/p/w600_and_h900_bestv2/6zEZY1htzRos2w0W3T7o7W1WJhp.jpg
The Truman Show;1998;Truman Burbank is the star of The Truman Show, a 24-hour-a-day reality TV show that broadcasts every aspect of his life without his knowledge. His entire life has been an unending soap opera for consumption by the rest of the world. And everyone he knows, including his wife and his best friend is really an actor, paid to be part of his life.;https://www.themoviedb.org/t/p/w600_and_h900_bestv2/vuza0WqY239yBXOadKlGwJsZJFE.jpg
There Will Be Blood;2007;Ruthless silver miner, turned oil prospector, Daniel Plainview, moves to oil-rich California. Using his son to project a trustworthy, family-man image, Plainview cons local landowners into selling him their valuable properties for a pittance. However, local preacher Eli Sunday suspects Plainview`s motives and intentions, starting a slow-burning feud that threatens both their lives.;https://www.themoviedb.org/t/p/w600_and_h900_bestv2/fa0RDkAlCec0STeMNAhPaF89q6U.jpg
Pan`s Labyrinth;2006;Living with her tyrannical stepfather in a new home with her pregnant mother, 10-year-old Ofelia feels alone until she explores a decaying labyrinth guarded by a mysterious faun who claims to know her destiny. If she wishes to return to her real father, Ofelia must complete three terrifying tasks.;https://www.themoviedb.org/t/p/w600_and_h900_bestv2/s8C4whhKtDaJvMDcyiMvx3BIF5F.jpg
Unforgiven;1992;William Munny is a retired, once-ruthless killer turned gentle widower and hog farmer. To help support his two motherless children, he accepts one last bounty-hunter mission to find the men who brutalized a prostitute. Joined by his former partner and a cocky greenhorn, he takes on a corrupt sheriff.;https://www.themoviedb.org/t/p/w600_and_h900_bestv2/yKyLJmRAtyXEEYKOvPhKHXIcPq9.jpg
The Sixth Sense;1999;Following an unexpected tragedy, child psychologist Malcolm Crowe meets a nine year old boy named Cole Sear, who is hiding a dark secret.;https://www.themoviedb.org/t/p/w600_and_h900_bestv2/4AfSDjjCy6T5LA1TMz0Lh2HlpRh.jpg
Shutter Island;2010;World War II soldier-turned-U.S. Marshal Teddy Daniels investigates the disappearance of a patient from a hospital for the criminally insane, but his efforts are compromised by troubling visions and a mysterious doctor.;https://www.themoviedb.org/t/p/w600_and_h900_bestv2/4GDy0PHYX3VRXUtwK5ysFbg3kEx.jpg
A Beautiful Mind;2001;John Nash is a brilliant but asocial mathematician fighting schizophrenia. After he accepts secret work in cryptography, his life takes a turn for the nightmarish.;https://www.themoviedb.org/t/p/w600_and_h900_bestv2/zwzWCmH72OSC9NA0ipoqw5Zjya8.jpg
Jurassic Park;1993;A wealthy entrepreneur secretly creates a theme park featuring living dinosaurs drawn from prehistoric DNA. Before opening day, he invites a team of experts and his two eager grandchildren to experience the park and help calm anxious investors. However, the park is anything but amusing as the security systems go off-line and the dinosaurs escape.;https://www.themoviedb.org/t/p/w600_and_h900_bestv2/oU7Oq2kFAAlGqbU4VoAE36g4hoI.jpg
Yojimbo;1961;A nameless ronin, or samurai with no master, enters a small village in feudal Japan where two rival businessmen are struggling for control of the local gambling trade. Taking the name Sanjuro Kuwabatake, the ronin convinces both silk merchant Tazaemon and sake merchant Tokuemon to hire him as a personal bodyguard, then artfully sets in motion a full-scale gang war between the two ambitious and unscrupulous men.;https://www.themoviedb.org/t/p/w600_and_h900_bestv2/tN7kYPjRhDolpui9sc9Eq9n5b2O.jpg
The Treasure of the Sierra Madre;1948;Fred C. Dobbs and Bob Curtin, both down on their luck in Tampico, Mexico in 1925, meet up with a grizzled prospector named Howard and decide to join with him in search of gold in the wilds of central Mexico. Through enormous difficulties, they eventually succeed in finding gold, but bandits, the elements, and most especially greed threaten to turn their success into disaster.;https://www.themoviedb.org/t/p/w600_and_h900_bestv2/pWcst7zVbi8Z8W6GFrdNE7HHRxL.jpg
Monty Python and the Holy Grail;1975;"King Arthur, accompanied by his squire, recruits his Knights of the Round Table, including Sir Bedevere the Wise, Sir Lancelot the Brave, Sir Robin the Not-Quite-So-Brave-As-Sir-Lancelot and Sir Galahad the Pure. On the way, Arthur battles the Black Knight who, despite having had all his limbs chopped off, insists he can still fight. They reach Camelot, but Arthur decides not  to enter, as ""it is a silly place"".";https://www.themoviedb.org/t/p/w600_and_h900_bestv2/xZ0rC0kuIsjk6RncpNK73kwstEP.jpg
No Country for Old Men;2007;Llewelyn Moss stumbles upon dead bodies, $2 million and a hoard of heroin in a Texas desert, but methodical killer Anton Chigurh comes looking for it, with local sheriff Ed Tom Bell hot on his trail. The roles of prey and predator blur as the violent pursuit of money and justice collide.;https://www.themoviedb.org/t/p/w600_and_h900_bestv2/bj1v6YKF8yHqA489VFfnQvOJpnc.jpg
Kill Bill: Vol. 1;2003;An assassin is shot by her ruthless employer, Bill, and other members of their assassination circle – but she lives to plot her vengeance.;https://www.themoviedb.org/t/p/w600_and_h900_bestv2/v7TaX8kXMXs5yFFGR41guUDNcnB.jpg
The Great Escape;1963;The Nazis, exasperated at the number of escapes from their prison camps by a relatively small number of Allied prisoners, relocate them to a high-security `escape-proof` camp to sit out the remainder of the war. Undaunted, the prisoners plan one of the most ambitious escape attempts of World War II. Based on a true story.;https://www.themoviedb.org/t/p/w600_and_h900_bestv2/gBH4H8UMFxl139HaLz6lRuvsel8.jpg
Rashomon;1950;Roman Porno from 1973.;https://www.themoviedb.org/t/p/w600_and_h900_bestv2/4HrdA8yAcZef8fw9qstzRz5NiLy.jpg
The Thing;1982;A team of American scientists investigate the empty, destroyed base of their Norwegian counterparts in Antarctica, only to discover a terrifying life force that can take the form of its prey.;https://www.themoviedb.org/t/p/w600_and_h900_bestv2/tzGY49kseSE9QAKk47uuDGwnSCu.jpg
Finding Nemo;2003;Nemo, an adventurous young clownfish, is unexpectedly taken from his Great Barrier Reef home to a dentist`s office aquarium. It`s up to his worrisome father Marlin and a friendly but forgetful fish Dory to bring Nemo home -- meeting vegetarian sharks, surfer dude turtles, hypnotic jellyfish, hungry seagulls, and more along the way.;https://www.themoviedb.org/t/p/w600_and_h900_bestv2/5lc6nQc0VhWFYFbNv016xze8Jvy.jpg
Spider-Man: No Way Home;2021;Peter Parker is unmasked and no longer able to separate his normal life from the high-stakes of being a super-hero. When he asks for help from Doctor Strange the stakes become even more dangerous, forcing him to discover what it truly means to be Spider-Man.;https://www.themoviedb.org/t/p/w600_and_h900_bestv2/uJYYizSuA9Y3DCs0qS4qWvHfZg4.jpg
The Elephant Man;1980;"A Victorian surgeon rescues a heavily disfigured man being mistreated by his ""owner"" as a side-show freak. Behind his monstrous façade, there is revealed a person of great intelligence and sensitivity. Based on the true story of Joseph Merrick (called John Merrick in the film), a severely deformed man in 19th century London.";https://www.themoviedb.org/t/p/w600_and_h900_bestv2/rk2lKgEtjF9HO9N2UFMRc2cMGdj.jpg
Chinatown;1974;Private eye Jake Gittes lives off of the murky moral climate of sunbaked, pre-World War II Southern California. Hired by a beautiful socialite to investigate her husband`s extra-marital affair, Gittes is swept into a maelstrom of double dealings and deadly deceits, uncovering a web of personal and political scandals that come crashing together.;https://www.themoviedb.org/t/p/w600_and_h900_bestv2/mQJz8J4naOA7RmCtypTPjgXZIMY.jpg
V for Vendetta;2005;In a world in which Great Britain has become a fascist state, a masked vigilante known only as “V” conducts guerrilla warfare against the oppressive British government. When V rescues a young woman from the secret police, he finds in her an ally with whom he can continue his fight to free the people of Britain.;https://www.themoviedb.org/t/p/w600_and_h900_bestv2/1avD1JeaRiJX5M4ahPdZPypGoGN.jpg
Raging Bull;1980;The life of boxer Jake LaMotta, whose violence and temper that led him to the top in the ring destroyed his life outside of it.;https://www.themoviedb.org/t/p/w600_and_h900_bestv2/rEviyDWNbAFmvvCPlkMRPAGUElG.jpg
Gone with the Wind;1939;The spoiled daughter of a Georgia plantation owner conducts a tumultuous romance with a cynical profiteer during the American Civil War and Reconstruction Era.;https://www.themoviedb.org/t/p/w600_and_h900_bestv2/lNz2Ow0wGCAvzckW7EOjE03KcYv.jpg
Dial M for Murder;1954;An ex-tennis pro carries out a plot to have his wife murdered after discovering she is having an affair, and assumes she will soon leave him for the other man anyway. When things go wrong, he improvises a new plan—to frame her for murder instead.;https://www.themoviedb.org/t/p/w600_and_h900_bestv2/2gDCAgl2iBQNuJuk6p2xtuS1ewg.jpg
Lock, Stock and Two Smoking Barrels;1998;A card shark and his unwillingly-enlisted friends need to make a lot of cash quick after losing a sketchy poker match. To do this they decide to pull a heist on a small-time gang who happen to be operating out of the flat next door.;https://www.themoviedb.org/t/p/w600_and_h900_bestv2/8kSerJrhrJWKLk1LViesGcnrUPE.jpg
Inside Out;2015;Growing up can be a bumpy road, and it`s no exception for Riley, who is uprooted from her Midwest life when her father starts a new job in San Francisco. Riley`s guiding emotions— Joy, Fear, Anger, Disgust and Sadness—live in Headquarters, the control centre inside Riley`s mind, where they help advise her through everyday life and tries to keep things positive, but the emotions conflict on how best to navigate a new city, house and school.;https://www.themoviedb.org/t/p/w600_and_h900_bestv2/2H1TmgdfNtsKlU9jKdeNyYL5y8T.jpg
Howl`s Moving Castle;2004;When Sophie, a shy young woman, is cursed with an old body by a spiteful witch, her only chance of breaking the spell lies with a self-indulgent yet insecure young wizard and his companions in his legged, walking castle.;https://www.themoviedb.org/t/p/w600_and_h900_bestv2/yeJ5Nj1k2NA0bBZjkZ10PvQKjTD.jpg
The Secret in Their Eyes;2009;A retired legal counselor writes a novel hoping to find closure for one of his past unresolved homicide cases and for his unreciprocated love with his superior - both of which still haunt him decades later.;https://www.themoviedb.org/t/p/w600_and_h900_bestv2/r3FctmAMk2tbrwxuWdpeLrZLwIz.jpg
Three Billboards Outside Ebbing, Missouri;2017;After seven months have passed without a culprit in her daughter`s murder case, Mildred Hayes makes a bold move, painting three signs leading into her town with a controversial message directed at Bill Willoughby, the town`s revered chief of police. When his second-in-command Officer Jason Dixon, an immature mother`s boy with a penchant for violence, gets involved, the battle between Mildred and Ebbing`s law enforcement is only exacerbated.;https://www.themoviedb.org/t/p/w600_and_h900_bestv2/pZRhqJj0DBy4ghB7g6pU7MGHsWJ.jpg
Trainspotting;1996;Heroin addict Mark Renton stumbles through bad ideas and sobriety attempts with his unreliable friends -- Sick Boy, Begbie, Spud and Tommy. He also has an underage girlfriend, Diane, along for the ride. After cleaning up and moving from Edinburgh to London, Mark finds he can`t escape the life he left behind when Begbie shows up at his front door on the lam, and a scheming Sick Boy follows.;https://www.themoviedb.org/t/p/w600_and_h900_bestv2/bhY62Dw8iW54DIhxPQerbuB9DOP.jpg
The Bridge on the River Kwai;1957;The classic story of English POWs in Burma forced to build a bridge to aid the war effort of their Japanese captors. British and American intelligence officers conspire to blow up the structure, but Col. Nicholson , the commander who supervised the bridge`s construction, has acquired a sense of pride in his creation and tries to foil their plans.;https://www.themoviedb.org/t/p/w600_and_h900_bestv2/7paXMt2e3Tr5dLmEZOGgFEn2Vo7.jpg
Prisoners;2013;Keller Dover faces a parent`s worst nightmare when his 6-year-old daughter, Anna, and her friend go missing. The only lead is an old motorhome that had been parked on their street. The head of the investigation, Detective Loki, arrests the driver, but a lack of evidence forces Loki to release his only suspect. Dover, knowing that his daughter`s life is at stake, decides that he has no choice but to take matters into his own hands.;https://www.themoviedb.org/t/p/w600_and_h900_bestv2/tuZhZ6biFMr5n9YSVuHOJnNL1uU.jpg
Warrior;2011;The youngest son of an alcoholic former boxer returns home, where he`s trained by his father for competition in a mixed martial arts tournament – a path that puts the fighter on a collision course with his estranged, older brother.;https://www.themoviedb.org/t/p/w600_and_h900_bestv2/iM8n4nZJPR2abpnyZ36FUgHiRjr.jpg
Fargo;1996;Jerry, a small-town Minnesota car salesman is bursting at the seams with debt... but he`s got a plan. He`s going to hire two thugs to kidnap his wife in a scheme to collect a hefty ransom from his wealthy father-in-law. It`s going to be a snap and nobody`s going to get hurt... until people start dying. Enter Police Chief Marge, a coffee-drinking, parka-wearing - and extremely pregnant - investigator who`ll stop at nothing to get her man. And if you think her small-time investigative skills will give the crooks a run for their ransom... you betcha!;https://www.themoviedb.org/t/p/w600_and_h900_bestv2/rt7cpEr1uP6RTZykBFhBTcRaKvG.jpg
Gran Torino;2008;Disgruntled Korean War veteran Walt Kowalski sets out to reform his neighbor, Thao Lor, a Hmong teenager who tried to steal Kowalski`s prized possession: a 1972 Gran Torino.;https://www.themoviedb.org/t/p/w600_and_h900_bestv2/zUybYvxWdAJy5hhYovsXtHSWI1l.jpg
Catch Me If You Can;2002;A true story about Frank Abagnale Jr. who, before his 19th birthday, successfully conned millions of dollars worth of checks as a Pan Am pilot, doctor, and legal prosecutor. An FBI agent makes it his mission to put him behind bars. But Frank not only eludes capture, he revels in the pursuit.;https://www.themoviedb.org/t/p/w600_and_h900_bestv2/sdYgEkKCDPWNU6KnoL4qd8xZ4w7.jpg
My Neighbor Totoro;1988;Two sisters move to the country with their father in order to be closer to their hospitalized mother, and discover the surrounding trees are inhabited by Totoros, magical spirits of the forest. When the youngest runs away from home, the older sister seeks help from the spirits to find her.;https://www.themoviedb.org/t/p/w600_and_h900_bestv2/rtGDOeG9LzoerkDGZF9dnVeLppL.jpg
Million Dollar Baby;2004;Despondent over a painful estrangement from his daughter, trainer Frankie Dunn isn`t prepared for boxer Maggie Fitzgerald to enter his life. But Maggie`s determined to go pro and to convince Dunn and his cohort to help her.;https://www.themoviedb.org/t/p/w600_and_h900_bestv2/2ti3l1OeB8G94yyqfAI7nmMZUbA.jpg
Children of Heaven;1997;"Zohre`s shoes are gone; her older brother Ali lost them. They are poor, there are no shoes for Zohre until they come up with an idea: they will share one pair of shoes. School awaits.";https://www.themoviedb.org/t/p/w600_and_h900_bestv2/jWqh1CJWAEcxckMRrf6ARhIEh0R.jpg
Blade Runner;1982;In the smog-choked dystopian Los Angeles of 2019, blade runner Rick Deckard is called out of retirement to terminate a quartet of replicants who have escaped to Earth seeking their creator for a way to extend their short life spans.;https://www.themoviedb.org/t/p/w600_and_h900_bestv2/63N9uy8nd9j7Eog2axPQ8lbr3Wj.jpg
The Gold Rush;1925;A gold prospector in Alaska struggles to survive the elements and win the heart of a dance hall girl.;https://www.themoviedb.org/t/p/w600_and_h900_bestv2/eQRFo1qwRREYwj47Yoe1PisgOle.jpg
Klaus;2019;When Jesper distinguishes himself as the Postal Academy`s worst student, he is sent to Smeerensburg, a small village located on an icy island above the Arctic Circle, where grumpy inhabitants barely exchange words, let alone letters. Jesper is about to give up and abandon his duty as a postman when he meets local teacher Alva and Klaus, a mysterious carpenter who lives alone in a cabin full of handmade toys.;https://www.themoviedb.org/t/p/w600_and_h900_bestv2/q125RHUDgR4gjwh1QkfYuJLYkL.jpg
Harry Potter and the Deathly Hallows: Part 2;2011;Harry, Ron and Hermione continue their quest to vanquish the evil Voldemort once and for all. Just as things begin to look hopeless for the young wizards, Harry discovers a trio of magical objects that endow him with powers to rival Voldemort`s formidable skills.;https://www.themoviedb.org/t/p/w600_and_h900_bestv2/c54HpQmuwXjHq2C9wmoACjxoom3.jpg
Before Sunrise;1995;A young man and woman meet on a train in Europe, and wind up spending one evening together in Vienna. Unfortunately, both know that this will probably be their only night together.;https://www.themoviedb.org/t/p/w600_and_h900_bestv2/kf1Jb1c2JAOqjuzA3H4oDM263uB.jpg
12 Years a Slave;2013;In the pre-Civil War United States, Solomon Northup, a free black man from upstate New York, is abducted and sold into slavery. Facing cruelty as well as unexpected kindnesses Solomon struggles not only to stay alive, but to retain his dignity. In the twelfth year of his unforgettable odyssey, Solomon’s chance meeting with a Canadian abolitionist will forever alter his life.;https://www.themoviedb.org/t/p/w600_and_h900_bestv2/xdANQijuNrJaw1HA61rDccME4Tm.jpg
Ben-Hur;1959;In 25 AD, Judah Ben-Hur, a Jew in ancient Judea, opposes the occupying Roman empire.  Falsely accused by a Roman childhood friend-turned-overlord of trying to kill the Roman governor, he is put into slavery and his mother and sister are taken away as prisoners.  Three years later and freed by a grateful Roman galley commander whom he has rescued from drowning, he becomes an expert charioteer for Rome, all the while plotting to return to Judea, find and rescue his family, and avenge himself on his former friend.  All the while, the form and work of Jesus move in the background of his life...;https://www.themoviedb.org/t/p/w600_and_h900_bestv2/m4WQ1dBIrEIHZNCoAjdpxwSKWyH.jpg
The Grand Budapest Hotel;2014;The Grand Budapest Hotel tells of a legendary concierge at a famous European hotel between the wars and his friendship with a young employee who becomes his trusted protégé. The story involves the theft and recovery of a priceless Renaissance painting, the battle for an enormous family fortune and the slow and then sudden upheavals that transformed Europe during the first half of the 20th century.;https://www.themoviedb.org/t/p/w600_and_h900_bestv2/eWdyYQreja6JGCzqHWXpWHDrrPo.jpg
On the Waterfront;1954;Terry Malloy dreams about being a prize fighter, while tending his pigeons and running errands at the docks for Johnny Friendly, the corrupt boss of the dockers union. Terry witnesses a murder by two of Johnny`s thugs, and later meets the dead man`s sister and feels responsible for his death. She introduces him to Father Barry, who tries to force him to provide information for the courts that will smash the dock racketeers.;https://www.themoviedb.org/t/p/w600_and_h900_bestv2/fKjLZy9W8VxMOp5OoyWojmLVCQw.jpg
Gone Girl;2014;With his wife`s disappearance having become the focus of an intense media circus, a man sees the spotlight turned on him when it`s suspected that he may not be innocent.;https://www.themoviedb.org/t/p/w600_and_h900_bestv2/qymaJhucquUwjpb8oiqynMeXnID.jpg
Wild Strawberries;1957;Crotchety retired doctor Isak Borg travels from Stockholm to Lund, Sweden, with his pregnant and unhappy daughter-in-law, Marianne, in order to receive an honorary degree from his alma mater. Along the way, they encounter a series of hitchhikers, each of whom causes the elderly doctor to muse upon the pleasures and failures of his own life. These include the vivacious young Sara, a dead ringer for the doctor`s own first love.;https://www.themoviedb.org/t/p/w600_and_h900_bestv2/iyTD2QnySNMPUPE3IedZQipSWfz.jpg
The General;1926;During America’s Civil War, Union spies steal engineer Johnnie Gray`s beloved locomotive, `The General`—with Johnnie`s lady love aboard an attached boxcar—and he single-handedly must do all in his power to both get The General back and to rescue Annabelle.;https://www.themoviedb.org/t/p/w600_and_h900_bestv2/iaV7LKAEialeaKDtf22SrYMqeFC.jpg
Barry Lyndon;1975;An Irish rogue uses his cunning and wit to work his way up the social classes of 18th century England, transforming himself from the humble Redmond Barry into the noble Barry Lyndon.;https://www.themoviedb.org/t/p/w600_and_h900_bestv2/3YJEv83HWWgCKezTiQ9LhdR7cFU.jpg
John Wick: Chapter 4;2023;With the price on his head ever increasing, John Wick uncovers a path to defeating The High Table. But before he can earn his freedom, Wick must face off against a new enemy with powerful alliances across the globe and forces that turn old friends into foes.;https://www.themoviedb.org/t/p/w600_and_h900_bestv2/vZloFAK7NmvMGKE7VkF5UHaz0I.jpg
In the Name of the Father;1993;A small time thief from Belfast, Gerry Conlon, is falsely implicated in the IRA bombing of a pub that kills several people while he is in London. He and his four friends are coerced by British police into confessing their guilt. Gerry`s father and other relatives in London are also implicated in the crime. He spends fifteen years in prison with his father trying to prove his innocence.;https://www.themoviedb.org/t/p/w600_and_h900_bestv2/5HaQacOMOjA2wX1XnwnDd2VaXCf.jpg
The Deer Hunter;1978;A group of working-class friends decide to enlist in the Army during the Vietnam War and finds it to be hellish chaos -- not the noble venture they imagined. Before they left, Steven married his pregnant girlfriend -- and Michael and Nick were in love with the same woman. But all three are different men upon their return.;https://www.themoviedb.org/t/p/w600_and_h900_bestv2/bbGtogDZOg09bm42KIpCXUXICkh.jpg
Hacksaw Ridge;2016;WWII American Army Medic Desmond T. Doss, who served during the Battle of Okinawa, refuses to kill people and becomes the first Conscientious Objector in American history to receive the Congressional Medal of Honor.;https://www.themoviedb.org/t/p/w600_and_h900_bestv2/jhWbYeUNOA5zAb6ufK6pXQFXqTX.jpg
The Third Man;1949;"In postwar Vienna, Austria, Holly Martins, a writer of pulp Westerns, arrives penniless as a guest of his childhood chum Harry Lime, only to learn he has died. Martins develops a conspiracy theory after learning of a ""third man"" present at the time of Harry`s death, running into interference from British officer Major Calloway, and falling head-over-heels for Harry`s grief-stricken lover, Anna.";https://www.themoviedb.org/t/p/w600_and_h900_bestv2/oIF3l7Dxp7Eyye10BNyM611wtKa.jpg
The Wages of Fear;1953;In a run-down South American town, four men are paid to drive trucks loaded with nitroglycerin into the jungle through to the oil field. Friendships are tested and rivalries develop as they embark upon the perilous journey.;https://www.themoviedb.org/t/p/w600_and_h900_bestv2/dZyZSosIlWcpQkV0f7pXcrV2TQV.jpg
Memories of Murder;2003;During the late 1980s, two detectives in a South Korean province attempt to solve the nation`s first series of rape-and-murder cases.;https://www.themoviedb.org/t/p/w600_and_h900_bestv2/jcgUjx1QcupGzjntTVlnQ15lHqy.jpg
Wild Tales;2014;Six deadly stories that explore the extremities of human behaviour involving distressed people seeking revenge.;https://www.themoviedb.org/t/p/w600_and_h900_bestv2/pvSty5MCAxdj8LlAEXCDfM1YNOl.jpg
Sherlock Jr.;1924;A film projectionist longs to be a detective, and puts his meagre skills to work when he is framed by a rival for stealing his girlfriend`s father`s pocketwatch.;https://www.themoviedb.org/t/p/w600_and_h900_bestv2/1G9r3rqtbFAQuyWKOZm4Y5J5s7Q.jpg
Mr. Smith Goes to Washington;1939;Naive and idealistic Jefferson Smith, leader of the Boy Rangers, is appointed to the United States Senate by the puppet governor of his state. He soon discovers, upon going to Washington, many shortcomings of the political process as his earnest goal of a national boys` camp leads to a conflict with the state political boss.;https://www.themoviedb.org/t/p/w600_and_h900_bestv2/nDjg1fbNyq15excNDl3acd2IqAk.jpg
Mad Max: Fury Road;2015;An apocalyptic story set in the furthest reaches of our planet, in a stark desert landscape where humanity is broken, and most everyone is crazed fighting for the necessities of life. Within this world exist two rebels on the run who just might be able to restore order.;https://www.themoviedb.org/t/p/w600_and_h900_bestv2/8tZYtuWezp8JbcsvHYO0O46tFbo.jpg
Mary and Max;2009;A tale of friendship between two unlikely pen pals: Mary, a lonely, eight-year-old girl living in the suburbs of Melbourne, and Max, a forty-four-year old, severely obese man living in New York.;https://www.themoviedb.org/t/p/w600_and_h900_bestv2/b4LKlquh0ls5Rgb27QLPlkC7Oya.jpg
How to Train Your Dragon;2010;As the son of a Viking leader on the cusp of manhood, shy Hiccup Horrendous Haddock III faces a rite of passage: he must kill a dragon to prove his warrior mettle. But after downing a feared dragon, he realizes that he no longer wants to destroy it, and instead befriends the beast – which he names Toothless – much to the chagrin of his warrior father.;https://www.themoviedb.org/t/p/w600_and_h900_bestv2/ygGmAO60t8GyqUo9xYeYxSZAR3b.jpg
The Seventh Seal;1957;When disillusioned Swedish knight Antonius Block returns home from the Crusades to find his country in the grips of the Black Death, he challenges Death to a chess match for his life. Tormented by the belief that God does not exist, Block sets off on a journey, meeting up with traveling players Jof and his wife, Mia, and becoming determined to evade Death long enough to commit one redemptive act while he still lives.;https://www.themoviedb.org/t/p/w600_and_h900_bestv2/wcZ21zrOsy0b52AfAF50XpTiv75.jpg
Monsters, Inc.;2001;James Sullivan and Mike Wazowski are monsters, they earn their living scaring children and are the best in the business... even though they`re more afraid of the children than they are of them. When a child accidentally enters their world, James and Mike suddenly find that kids are not to be afraid of and they uncover a conspiracy that could threaten all children across the world.;https://www.themoviedb.org/t/p/w600_and_h900_bestv2/sgheSKxZkttIe8ONsf2sWXPgip3.jpg
Dead Poets Society;1989;At an elite, old-fashioned boarding school in New England, a passionate English teacher inspires his students to rebel against convention and seize the potential of every day, courting the disdain of the stern headmaster.;https://www.themoviedb.org/t/p/w600_and_h900_bestv2/ai40gM7SUaGA6fthvsd87o8IQq4.jpg
Jaws;1975;When an insatiable great white shark terrorizes the townspeople of Amity Island, the police chief, an oceanographer and a grizzled shark hunter seek to destroy the blood-thirsty beast.;https://www.themoviedb.org/t/p/w600_and_h900_bestv2/lxM6kqilAdpdhqUl2biYp5frUxE.jpg
Room;2015;Held captive for 7 years in an enclosed space, a woman and her young son finally gain their freedom, allowing the boy to experience the outside world for the first time.;https://www.themoviedb.org/t/p/w600_and_h900_bestv2/pCURNjeomWbMSdiP64gj8NVVHTQ.jpg
The Big Lebowski;1998;Jeffrey `The Dude` Lebowski, a Los Angeles slacker who only wants to bowl and drink White Russians, is mistaken for another Jeffrey Lebowski, a wheelchair-bound millionaire, and finds himself dragged into a strange series of events involving nihilists, adult film producers, ferrets, errant toes, and large sums of money.;https://www.themoviedb.org/t/p/w600_and_h900_bestv2/juxXYe0VhoNS841sbc4zvz7FHef.jpg
Tokyo Story;1953;The elderly Shukishi and his wife, Tomi, take the long journey from their small seaside village to visit their adult children in Tokyo. Their elder son, Koichi, a doctor, and their daughter, Shige, a hairdresser, don`t have much time to spend with their aged parents, and so it falls to Noriko, the widow of their younger son who was killed in the war, to keep her in-laws company.;https://www.themoviedb.org/t/p/w600_and_h900_bestv2/g2YbTYKpY7N2yDSk7BfXZ18I5QV.jpg
The Passion of Joan of Arc;1928;A classic of the silent age, this film tells the story of the doomed but ultimately canonized 15th-century teenage warrior. On trial for claiming she`d spoken to God, Jeanne d`Arc is subjected to inhumane treatment and scare tactics at the hands of church court officials. Initially bullied into changing her story, Jeanne eventually opts for what she sees as the truth. Her punishment, a famously brutal execution, earns her perpetual martyrdom.;https://www.themoviedb.org/t/p/w600_and_h900_bestv2/8OYGtQlO8k9PcOm49apV62eVJQo.jpg
Ford v Ferrari;2019;American car designer Carroll Shelby and the British-born driver Ken Miles work together to battle corporate interference, the laws of physics, and their own personal demons to build a revolutionary race car for Ford Motor Company and take on the dominating race cars of Enzo Ferrari at the 24 Hours of Le Mans in France in 1966.;https://www.themoviedb.org/t/p/w600_and_h900_bestv2/dR1Ju50iudrOh3YgfwkAU1g2HZe.jpg
Hotel Rwanda;2004;Inspired by true events, this film takes place in Rwanda in the 1990s when more than a million Tutsis were killed in a genocide that went mostly unnoticed by the rest of the world. Hotel owner Paul Rusesabagina houses over a thousand refuges in his hotel in attempt to save their lives.;https://www.themoviedb.org/t/p/w600_and_h900_bestv2/p3pHw85UMZPegfMZBA6dZ06yarm.jpg
Rocky;1976;An uneducated collector for a Philadelphia loan shark is given a once-in-a-lifetime opportunity to fight against the world heavyweight boxing champion.;https://www.themoviedb.org/t/p/w600_and_h900_bestv2/hEjK9A9BkNXejFW4tfacVAEHtkn.jpg
Ratatouille;2007;Remy, a resident of Paris, appreciates good food and has quite a sophisticated palate. He would love to become a chef so he can create and enjoy culinary masterpieces to his heart`s delight. The only problem is, Remy is a rat. When he winds up in the sewer beneath one of Paris` finest restaurants, the rodent gourmet finds himself ideally placed to realize his dream.;https://www.themoviedb.org/t/p/w600_and_h900_bestv2/t3vaWRPSf6WjDSamIkKDs1iQWna.jpg
Platoon;1986;As a young and naive recruit in Vietnam, Chris Taylor faces a moral crisis when confronted with the horrors of war and the duality of man.;https://www.themoviedb.org/t/p/w600_and_h900_bestv2/8hDlxJZYCJJLRHbSk7hsRQ9SNp7.jpg
Spotlight;2015;The true story of how the Boston Globe uncovered the massive scandal of child molestation and cover-up within the local Catholic Archdiocese, shaking the entire Catholic Church to its core.;https://www.themoviedb.org/t/p/w600_and_h900_bestv2/rBkptJyAMqCfoMwUGQfCpubroec.jpg
Logan;2017;In the near future, a weary Logan cares for an ailing Professor X in a hideout on the Mexican border. But Logan`s attempts to hide from the world and his legacy are upended when a young mutant arrives, pursued by dark forces.;https://www.themoviedb.org/t/p/w600_and_h900_bestv2/fnbjcRDYn6YviCcePDnGdyAkYsB.jpg
The Terminator;1984;"In the post-apocalyptic future, reigning tyrannical supercomputers teleport a cyborg assassin known as the ""Terminator"" back to 1984 to kill Sarah Connor, whose unborn son is destined to lead insurgents against 21st century mechanical hegemony. Meanwhile, the human-resistance movement dispatches a lone warrior to safeguard Sarah. Can he stop the virtually indestructible killing machine?";https://www.themoviedb.org/t/p/w600_and_h900_bestv2/kdYu7YJJP0uuGEuhUX5toqvBSog.jpg
Stand by Me;1986;Nobita travels to the future to show his beloved grandma his bride, but adult Nobita has fled his own wedding.;https://www.themoviedb.org/t/p/w600_and_h900_bestv2/vBv8iOFPLnXmtELUjcFc7OKHsR4.jpg
Rush;2013;A biographical drama centered on the rivalry between Formula 1 drivers James Hunt and Niki Lauda during the 1976 Formula One motor-racing season.;https://www.themoviedb.org/t/p/w600_and_h900_bestv2/5akKFgS7eeXUw9rKTEujryKrH17.jpg
Network;1976;When veteran anchorman Howard Beale is forced to retire his 25-year post because of his age, he announces to viewers that he will kill himself during his farewell broadcast. Network executives rethink their decision when his fanatical tirade results in a spike in ratings.;https://www.themoviedb.org/t/p/w600_and_h900_bestv2/qZomlHsaALUtkFeMDwdYmwS2Pbo.jpg
Before Sunset;2004;Nine years later, Jesse travels across Europe giving readings from a book he wrote about the night he spent in Vienna with Celine. After his reading in Paris, Celine finds him, and they spend part of the day together before Jesse has to again leave for a flight. They are both in relationships now, and Jesse has a son, but as their strong feelings for each other start to return, both confess a longing for more.;https://www.themoviedb.org/t/p/w600_and_h900_bestv2/gycdE1ARByGQcK4fYR2mgpU6OO.jpg
Into the Wild;2007;After graduating from Emory University in 1992, top student and athlete Christopher McCandless abandons his possessions, gives his entire $24,000 savings account to charity, and hitchhikes to Alaska to live in the wilderness.;https://www.themoviedb.org/t/p/w600_and_h900_bestv2/2MSGZEE6XZd2r4ODNziwAw7Hpw0.jpg
The Wizard of Oz;1939;Young Dorothy finds herself in a magical world where she makes friends with a lion, a scarecrow and a tin man as they make their way along the yellow brick road to talk with the Wizard and ask for the things they miss most in their lives. The Wicked Witch of the West is the only thing that could stop them.;https://www.themoviedb.org/t/p/w600_and_h900_bestv2/bSA6DbAC5gdkaooU164lQUX6rVs.jpg
The Best Years of Our Lives;1946;It`s the hope that sustains the spirit of every GI: the dream of the day when he will finally return home. For three WWII veterans, the day has arrived. But for each man, the dream is about to become a nightmare.;https://www.themoviedb.org/t/p/w600_and_h900_bestv2/gd5EoAU4MM57sW3vlWxJ0NMM8cV.jpg
The Exorcist;1973;12-year-old Regan MacNeil begins to adapt an explicit new personality as strange events befall the local area of Georgetown. Her mother becomes torn between science and superstition in a desperate bid to save her daughter, and ultimately turns to her last hope: Father Damien Karras, a troubled priest who is struggling with his own faith.;https://www.themoviedb.org/t/p/w600_and_h900_bestv2/4ucLGcXVVSVnsfkGtbLY4XAius8.jpg
Groundhog Day;1993;A narcissistic TV weatherman, along with his attractive-but-distant producer, and his mawkish cameraman, is sent to report on Groundhog Day in the small town of Punxsutawney, where he finds himself repeating the same day over and over.;https://www.themoviedb.org/t/p/w600_and_h900_bestv2/qIwyDf5k0eNsrfQjd0HCkeraNGD.jpg
The Incredibles;2004;Bob Parr has given up his superhero days to log in time as an insurance adjuster and raise his three children with his formerly heroic wife in suburbia. But when he receives a mysterious assignment, it`s time to get back into costume.;https://www.themoviedb.org/t/p/w600_and_h900_bestv2/2LqaLgk4Z226KkgPJuiOQ58wvrm.jpg
La haine;1995;After a chaotic night of rioting in a marginal suburb of Paris, three young friends, Vinz, Hubert and Saïd, wander around unoccupied waiting for news about the state of health of a mutual friend who has been seriously injured when confronting the police.;https://www.themoviedb.org/t/p/w600_and_h900_bestv2/8rgPyWjYZhsphSSxbXguMnhN7H0.jpg
To Be or Not to Be;1942;During the Nazi occupation of Poland, an acting troupe becomes embroiled in a Polish soldier`s efforts to track down a German spy.;https://www.themoviedb.org/t/p/w600_and_h900_bestv2/dDQRpEoyjHT4fzw9cNklIvZuXYg.jpg
Pirates of the Caribbean: The Curse of the Black Pearl;2003;Jack Sparrow, a freewheeling 18th-century pirate, quarrels with a rival pirate bent on pillaging Port Royal. When the governor`s daughter is kidnapped, Sparrow decides to help the girl`s love save her.;https://www.themoviedb.org/t/p/w600_and_h900_bestv2/z8onk7LV9Mmw6zKz4hT6pzzvmvl.jpg
Hachi: A Dog`s Tale;2009;A drama based on the true story of a college professor`s bond with the abandoned dog he takes into his home.;https://www.themoviedb.org/t/p/w600_and_h900_bestv2/lsy3aEsEfYIHdLRk4dontZ4s85h.jpg
The Battle of Algiers;1966;Tracing the struggle of the Algerian Front de Liberation Nationale to gain freedom from French colonial rule as seen through the eyes of Ali from his start as a petty thief to his rise to prominence in the organisation and capture by the French in 1957. The film traces the rebels` struggle and the increasingly extreme measures taken by the French government to quell the revolt.;https://www.themoviedb.org/t/p/w600_and_h900_bestv2/1eEN4ubAFB4N2Rl9syqPVCcwrGG.jpg
Pather Panchali;1955;Impoverished priest Harihar Ray, dreaming of a better life for himself and his family, leaves his rural Bengal village in search of work.;https://www.themoviedb.org/t/p/w600_and_h900_bestv2/frZj5djlU9hFEjMcL21RJZVuG5O.jpg
The Grapes of Wrath;1940;Tom Joad returns to his home after a jail sentence to find his family kicked out of their farm due to foreclosure. He catches up with them on his Uncle’s farm, and joins them the next day as they head for California and a new life... Hopefully.;https://www.themoviedb.org/t/p/w600_and_h900_bestv2/eUcxMVBIA0Jg8l1RGUqycrc3eIQ.jpg
My Father and My Son;2005;A left-wing journalist whose wife died while giving birth to his son during a military coup returns to his family`s farm. Estranged from his father for turning his back on the family and wasting his life with political activism instead, he tries to reconnect with him so that his son will have a place to live as his health is deteriorating due to the extensive torture he had to endure.;https://www.themoviedb.org/t/p/w600_and_h900_bestv2/dcKY23xowYTU9B1cagUdHQwsxOB.jpg
Amores Perros;2000;A fatalistic car crash in Mexico city sets off a chain of events in the lives of three people: a supermodel, a young man wanting to run off with his sister-in-law, and a homeless man. Their lives are catapulted into unforeseen situations instigated by the seemingly inconsequential destiny of a dog.;https://www.themoviedb.org/t/p/w600_and_h900_bestv2/vV4vlD4ool5JSsS1rB82qjCF6z8.jpg
Jai Bhim;2021;A pregnant woman from a primitive tribal community, searches desperately for her husband, who is missing from police custody. So as to find her husband and seek justice for them, as their voice, a High Court advocate rises in support. Will their battle for justice succeed?;https://www.themoviedb.org/t/p/w600_and_h900_bestv2/zb9QBUn5AZzoKCS2jsnhp6ySSGp.jpg
Rebecca;1940;Story of a young woman who marries a fascinating widower only to find out that she must live in the shadow of his former wife, Rebecca, who died mysteriously several years earlier. The young wife must come to grips with the terrible secret of her handsome, cold husband, Max De Winter. She must also deal with the jealous, obsessed Mrs. Danvers, the housekeeper, who will not accept her as the mistress of the house.;https://www.themoviedb.org/t/p/w600_and_h900_bestv2/1qz3qUOHnVy7dL7M7G8jSErxE4b.jpg
The Handmaiden;2016;In 1930s Korea, a swindler and a young woman pose as a Japanese count and a handmaiden to seduce a Japanese heiress and steal her fortune.;https://www.themoviedb.org/t/p/w600_and_h900_bestv2/x2lZKoKPqVodhYTYbVaCC3NjhdK.jpg
Cool Hand Luke;1967;"When petty criminal Luke Jackson is sentenced to two years in a Florida prison farm, he doesn`t play by the rules of either the sadistic warden or the yard`s resident heavy, Dragline, who ends up admiring the new guy`s unbreakable will. Luke`s bravado, even in the face of repeated stints in the prison`s dreaded solitary confinement cell, ""the box,"" make him a rebel hero to his fellow convicts and a thorn in the side of the prison officers.";https://www.themoviedb.org/t/p/w600_and_h900_bestv2/4ykzTiHKLamh3eZJ8orVICtU2Jp.jpg
The Sound of Music;1965;In the years before the Second World War, a tomboyish postulant at an Austrian abbey is hired as a governess in the home of a widowed naval captain with seven children, and brings a new love of life and music into the home.;https://www.themoviedb.org/t/p/w600_and_h900_bestv2/xvXiJggaxRrU4jLjTXCmqnqEsGd.jpg
It Happened One Night;1934;A renegade reporter and a young heiress meet on a bus heading for New York, and end up stuck with each other when the bus leaves them behind at one of the stops.;https://www.themoviedb.org/t/p/w600_and_h900_bestv2/2PNUGWAflH6UUumas0POMmokHlc.jpg
The 400 Blows;1959;For young Parisian boy Antoine Doinel, life is one difficult situation after another. Surrounded by inconsiderate adults, including his neglectful parents, Antoine spends his days with his best friend, Rene, trying to plan for a better life. When one of their schemes goes awry, Antoine ends up in trouble with the law, leading to even more conflicts with unsympathetic authority figures.;https://www.themoviedb.org/t/p/w600_and_h900_bestv2/12PuU23kkDLvTd0nb8hMlE3oShB.jpg
Persona;1966;A young nurse, Alma, is put in charge of Elisabeth Vogler: an actress who is seemingly healthy in all respects, but will not talk. As they spend time together, Alma speaks to Elisabeth constantly, never receiving any answer. The time they spend together only strengthens the crushing realization that one does not exist.;https://www.themoviedb.org/t/p/w600_and_h900_bestv2/bdXbfUir63TQHA5NTNcXPICZCW8.jpg
Life of Brian;1979;Brian Cohen is an average young Jewish man, but through a series of ridiculous events, he gains a reputation as the Messiah. When he`s not dodging his followers or being scolded by his shrill mother, the hapless Brian has to contend with the pompous Pontius Pilate and acronym-obsessed members of a separatist movement. Rife with Monty Python`s signature absurdity, the tale finds Brian`s life paralleling Biblical lore, albeit with many more laughs.;https://www.themoviedb.org/t/p/w600_and_h900_bestv2/lSSA64WF0M0BXnjwr2quMh6shCl.jpg
The Iron Giant;1999;In the small town of Rockwell, Maine in October 1957, a giant metal machine befriends a nine-year-old boy and ultimately finds its humanity by unselfishly saving people from their own fears and prejudices.;https://www.themoviedb.org/t/p/w600_and_h900_bestv2/mThOw5rXLtdbY3WmuTsS9zsQBMG.jpg
The Help;2011;"Aibileen Clark is a middle-aged African-American maid who has spent her life raising white children and has recently lost her only son; Minny Jackson is an African-American maid who has often offended her employers despite her family`s struggles with money and her desperate need for jobs; and Eugenia ""Skeeter"" Phelan is a young white woman who has recently moved back home after graduating college to find out her childhood maid has mysteriously disappeared. These three stories intertwine to explain how life in Jackson, Mississippi revolves around ""the help""; yet they are always kept at a certain distance because of racial lines.";https://www.themoviedb.org/t/p/w600_and_h900_bestv2/3kmfoWWEc9Vtyuaf9v5VipRgdjx.jpg
Aladdin;1992;Princess Jasmine grows tired of being forced to remain in the palace, so she sneaks out into the marketplace, in disguise, where she meets street-urchin Aladdin.  The couple falls in love, although Jasmine may only marry a prince.  After being thrown in jail, Aladdin becomes embroiled in a plot to find a mysterious lamp, with which the evil Jafar hopes to rule the land.;https://www.themoviedb.org/t/p/w600_and_h900_bestv2/x5LLRJ2WSSDSb2kvq9zNQ4GS37q.jpg
Dances with Wolves;1990;Wounded Civil War soldier, John Dunbar tries to commit suicide—and becomes a hero instead. As a reward, he`s assigned to his dream post, a remote junction on the Western frontier, and soon makes unlikely friends with the local Sioux tribe.;https://www.themoviedb.org/t/p/w600_and_h900_bestv2/cvaBVpS0GzKqBd63pFT8f1E8OKv.jpg
Dersu Uzala;1975;A military explorer meets and befriends a Goldi man in Russia’s unmapped forests. A deep and abiding bond evolves between the two men, one civilized in the usual sense, the other at home in the glacial Siberian woods.;https://www.themoviedb.org/t/p/w600_and_h900_bestv2/8r3TrVfbPyCIPHKm82EufPqlnIC.jpg
